코스,순번,정류장명,시간,stop_id,좌표신뢰도
오전 1코스,1,복지관,07:50,1,confirmed
오전 1코스,2,우성아파트,08:00,2,confirmed
오전 1코스,3,태장농공단지,08:02,3,confirmed
오전 1코스,4,영진1차아파트,08:04,4,confirmed
오전 1코스,5,원대,08:06,5,confirmed
오전 1코스,6,장양리차고지,08:08,6,estimated
오전 1코스,7,양촌,08:10,7,estimated
오전 1코스,8,새섬배,08:12,8,confirmed
오전 1코스,9,윗섬배,08:14,9,confirmed
오전 1코스,10,소초면 행정복지센터,08:18,10,confirmed
오전 1코스,11,수암4리,08:19,11,confirmed
오전 1코스,12,식송,08:20,12,confirmed
오전 1코스,13,원증거리,08:22,13,confirmed
오전 1코스,14,원주성모병원,08:24,14,confirmed
오전 1코스,15,돌모루,08:26,15,confirmed
오전 1코스,16,송문사거리,08:28,16,confirmed
오전 1코스,17,행복주택8단지,08:32,17,confirmed
오전 1코스,18,칸타빌더포레스트,08:34,18,confirmed
오전 1코스,19,성호아파트,08:36,19,confirmed
오전 1코스,20,태장중학교,08:38,20,confirmed
오전 1코스,21,KBS송신소,08:42,21,estimated
오전 1코스,22,현충탑,08:44,22,confirmed
오전 1코스,23,영진2차아파트,08:46,23,confirmed
오전 1코스,24,태장이편한세상아파트,08:48,24,confirmed
오전 1코스,25,상록아파트,08:52,25,estimated
오전 1코스,26,금광포란재아파트,08:52,26,confirmed
오전 1코스,27,복지관,09:00,1,confirmed
오전 2코스,1,복지관,09:05,1,confirmed
오전 2코스,2,가현동,09:10,27,estimated
오전 2코스,3,가현코어텍,09:12,28,estimated
오전 2코스,4,주산1리,09:14,29,confirmed
오전 2코스,5,호저농협,09:16,30,confirmed
오전 2코스,6,문화마을,09:18,31,confirmed
오전 2코스,7,호저중학교,09:20,32,confirmed
오전 2코스,8,중방마을,09:24,33,confirmed
오전 2코스,9,진광중고등학교,09:30,34,confirmed
오전 2코스,10,상지대학교,09:32,35,confirmed
오전 2코스,11,동우아파트,09:34,36,confirmed
오전 2코스,12,우산동 삼호아파트 정문,09:36,37,confirmed
오전 2코스,13,삼한주유소,09:40,38,confirmed
오전 2코스,14,현대자동차,09:42,39,estimated
오전 2코스,15,우리병원,09:44,40,confirmed
오전 2코스,16,복지관,09:50,1,confirmed
오후 코스,1,복지관,13:30,1,confirmed
오후 코스,2,가현동,13:36,27,estimated
오후 코스,3,가현코어텍,13:38,28,estimated
오후 코스,4,주산1리,13:40,29,confirmed
오후 코스,5,호저농협,13:42,30,confirmed
오후 코스,6,문화마을,13:44,31,confirmed
오후 코스,7,호저중학교,13:46,32,confirmed
오후 코스,8,중방마을,13:50,33,confirmed
오후 코스,9,가현교,13:52,41,confirmed
오후 코스,10,장양초등학교,13:54,42,confirmed
오후 코스,11,태장농공단지,13:56,3,confirmed
오후 코스,12,영진1차아파트,13:58,4,confirmed
오후 코스,13,원대,14:00,5,confirmed
오후 코스,14,장양리차고지,14:02,6,estimated
오후 코스,15,양촌,14:06,7,estimated
오후 코스,16,새섬배,14:08,8,confirmed
오후 코스,17,윗섬배,14:10,9,confirmed
오후 코스,18,소초면 행정복지센터,14:14,10,confirmed
오후 코스,19,수암4리,14:16,11,confirmed
오후 코스,20,식송,14:18,12,confirmed
오후 코스,21,원증거리,14:20,13,confirmed
오후 코스,22,원주성모병원,14:22,14,confirmed
오후 코스,23,돌모루,14:24,15,confirmed
오후 코스,24,송문사거리,14:26,16,confirmed
오후 코스,25,행복주택8단지,14:30,17,confirmed
오후 코스,26,칸타빌더포레스트,14:32,18,confirmed
오후 코스,27,성호아파트,14:34,19,confirmed
오후 코스,28,태장중학교,14:36,20,confirmed
오후 코스,29,KBS송신소,14:38,21,estimated
오후 코스,30,현충탑,14:40,22,confirmed
오후 코스,31,영진2차아파트,14:42,23,confirmed
오후 코스,32,태장이편한세상아파트,14:44,24,confirmed
오후 코스,33,상록아파트,14:46,25,estimated
오후 코스,34,금광포란재아파트,14:48,26,confirmed
오후 코스,35,복지관,15:00,1,confirmed
