stop_id,정류장명,위도,경도,주소,좌표신뢰도,비고
1,복지관,37.3821329,127.9529756,원주시 흥양로50번길 5,confirmed,북원노인종합복지관
2,우성아파트,37.3958358,127.9531172,원주시 적동1길 7,confirmed,우성1차아파트
3,태장농공단지,37.4051692,127.946893,원주시 태장동,confirmed,
4,영진1차아파트,37.4115812,127.9578964,원주시 소초면 장막2길 12,confirmed,
5,원대,37.4158367,127.9598892,원주시 소초면 장양리 854,confirmed,원대앞들 기준
6,장양리차고지,37.4206,127.966,원주시 소초면 장양리,estimated,지도 시안 판독 추정
7,양촌,37.4218,127.9712,원주시 소초면,estimated,지도 시안 판독 추정
8,새섬배,37.4209929,127.9828875,원주시 소초면 평장리,confirmed,
9,윗섬배,37.419849,127.9924949,원주시 소초면 평장리,confirmed,
10,소초면 행정복지센터,37.41796,128.002388,원주시 소초면 치악로 2790,confirmed,
11,수암4리,37.4124934,127.9871843,원주시 소초면 수암리 1033,confirmed,수암4리경로당
12,식송,37.4036404,127.9923125,원주시 소초면 수암리,confirmed,식송마을
13,원증거리,37.397414,127.9867947,원주시 소초면 수암리,confirmed,
14,원주성모병원,37.3936695,127.9844988,원주시 소초면 치악로 2473,confirmed,
15,돌모루,37.3879279,127.9786829,원주시 소초면 흥양리,confirmed,돌모루사거리
16,송문사거리,37.3816526,127.9737807,원주시 소초면 흥양리,confirmed,
17,행복주택8단지,37.3708206,127.9665121,원주시 소일마을2길 60,confirmed,
18,칸타빌더포레스트,37.3703311,127.9603156,원주시 소일마을2길 11,confirmed,
19,성호아파트,37.3630103,127.9614835,원주시 치악로 2045,confirmed,
20,태장중학교,37.357299,127.9596879,원주시 치악로 2006,confirmed,
21,KBS송신소,37.361,127.956,원주시 태장동,estimated,태장중~현충탑 사이 추정
22,현충탑,37.365091,127.9527364,원주시 태장동 산124-2,confirmed,
23,영진2차아파트,37.3686512,127.94998,원주시 현충로 155,confirmed,
24,태장이편한세상아파트,37.371486,127.9530052,원주시 현충로232번길 42,confirmed,신규 추가
25,상록아파트,37.3745349,127.953279,원주시 현충로 234,estimated,상록프라자아파트로 판단 (동명 2개소)
26,금광포란재아파트,37.3753501,127.9559408,원주시 포란재로 36,confirmed,신규 추가
27,가현동,37.388,127.944,원주시 가현동,estimated,지도 시안 판독 추정
28,가현코어텍,37.395,127.937,원주시 가현동,estimated,신규 추가 / 검색 미매칭
29,주산1리,37.4153684,127.9244094,원주시 호저면 호저문화1길 34,confirmed,주산1리경로당
30,호저농협,37.411457,127.925213,원주시 호저면 호저로 437,confirmed,
31,문화마을,37.4151333,127.9250814,원주시 호저면 주산리,confirmed,호저문화마을
32,호저중학교,37.417926,127.921663,원주시 호저면 호저로 507,confirmed,
33,중방마을,37.4026071,127.93155,원주시 호저면 주산리,confirmed,중방입구
34,진광중고등학교,37.372107,127.93615,원주시 진광길 50,confirmed,
35,상지대학교,37.3697534,127.9300762,원주시 우산동 667,confirmed,
36,동우아파트,37.3660987,127.9338249,원주시 북원로2475번길 75,confirmed,
37,우산동 삼호아파트 정문,37.3625327,127.9380152,원주시 북원로2425번길 41,confirmed,
38,삼한주유소,37.3684067,127.9404891,원주시 북원로 2509,confirmed,
39,현대자동차,37.371,127.9415,원주시 북원로,estimated,북원로상 추정 (삼한주유소~우리병원)
40,우리병원,37.373665,127.9433999,원주시 북원로 2572,confirmed,원주우리병원
41,가현교,37.3951017,127.9360466,원주시 가현동,confirmed,
42,장양초등학교,37.398749,127.954138,원주시 북원로 2868,confirmed,
